scenario,strike,group,IID,IS,AV,CV,optimal_cv_coefficient,optimal_cv_constant
gaussian,80,0,9.258185047676983,0.6057073900599953,8.519214474351747,7.16729882364541,-0.07160441723501301,7.165738066518626
gaussian,80,1,9.258185047676983,0.6057073900599953,8.519214474351747,7.165812175599583,-0.07160441723501301,7.165738066518626
gaussian,80,2,9.258185047676983,0.6057073900599953,8.519214474351747,7.165868286263904,-0.07160441723501301,7.165738066518626
gaussian,80,3,9.258185047676983,0.6057073900599953,8.519214474351747,7.169160061698375,-0.07160441723501301,7.165738066518626
gaussian,80,4,9.258185047676983,0.6057073900599953,8.519214474351747,7.165928698867006,-0.07160441723501301,7.165738066518626
gaussian,100,0,87.40807812670235,15.749604932134119,45.70287288773322,33.62115770800692,-0.36313800185447537,33.59123326101424
gaussian,100,1,87.40807812670235,15.749604932134119,45.70287288773322,33.60309864872005,-0.36313800185447537,33.59123326101424
gaussian,100,2,87.40807812670235,15.749604932134119,45.70287288773322,33.59165469512145,-0.36313800185447537,33.59123326101424
gaussian,100,3,87.40807812670235,15.749604932134119,45.70287288773322,33.611174933550636,-0.36313800185447537,33.59123326101424
gaussian,100,4,87.40807812670235,15.749604932134119,45.70287288773322,33.59245308147883,-0.36313800185447537,33.59123326101424
gaussian,120,0,237.50668139128078,68.20111849728477,13.194455405749409,30.469669284249335,-0.7122628397077146,30.4661339818839
gaussian,120,1,237.50668139128078,68.20111849728477,13.194455405749409,30.484286233307216,-0.7122628397077146,30.4661339818839
gaussian,120,2,237.50668139128078,68.20111849728477,13.194455405749409,30.53171173728498,-0.7122628397077146,30.4661339818839
gaussian,120,3,237.50668139128078,68.20111849728477,13.194455405749409,30.483869279065317,-0.7122628397077146,30.4661339818839
gaussian,120,4,237.50668139127885,69.16376977801247,13.194455405749409,30.46916460642683,-0.7122628397077113,30.466133981883928
mixture,80,0,9.69561355330761,0.2938291996665246,9.370671374249342,7.537082435716169,-0.09481860660266793,7.536682362043226
mixture,80,1,9.69561355330761,0.2938291996665246,9.370671374249342,7.5650982948885455,-0.09481860660266793,7.536682362043226
mixture,80,2,9.69561355330761,0.2938291996665246,9.370671374249342,7.552346828086208,-0.09481860660266793,7.536682362043226
mixture,80,3,9.69561355330761,0.2938291996665246,9.370671374249342,7.545521507884193,-0.09481860660266793,7.536682362043226
mixture,80,4,9.69561355330761,0.2938291996665246,9.370671374249342,7.5441670229214255,-0.09481860660266793,7.536682362043226
mixture,100,0,63.3165145371256,6.734799635631909,45.936366326047064,26.218440504295778,-0.3931123319920372,26.207023420369516
mixture,100,1,63.3165145371256,6.734799635631909,45.936366326047064,26.241873882984663,-0.3931123319920372,26.207023420369516
mixture,100,2,63.3165145371256,6.734799635631909,45.936366326047064,26.212752691110204,-0.3931123319920372,26.207023420369516
mixture,100,3,63.3165145371256,6.734799635631909,45.936366326047064,26.23350032219887,-0.3931123319920372,26.207023420369516
mixture,100,4,63.3165145371256,6.734799635631909,45.936366326047064,26.213849117678286,-0.3931123319920372,26.207023420369516
mixture,120,0,166.19338585954023,31.989263728668163,34.64674889373475,20.831356217173294,-0.7781876484699247,20.774661799335973
mixture,120,1,166.19338585954023,31.989263728668163,34.64674889373475,20.80470452220422,-0.7781876484699247,20.774661799335973
mixture,120,2,166.19338585954023,31.989263728668163,34.64674889373475,20.774998834107805,-0.7781876484699247,20.774661799335973
mixture,120,3,166.19338585954023,31.989263728668163,34.64674889373475,20.812393648011295,-0.7781876484699247,20.774661799335973
mixture,120,4,166.19338585954023,31.989263728668163,34.64674889373475,20.78170044746804,-0.7781876484699247,20.774661799335973
stress,80,0,38.64183187230432,5.54443473477446,35.857605358722054,25.779448690937123,-0.16337618143957014,25.777063850884296
stress,80,1,38.64183187230432,5.54443473477446,35.857605358722054,25.92262556431325,-0.16337618143957014,25.777063850884296
stress,80,2,38.64183187230432,5.54443473477446,35.857605358722054,25.82091810758343,-0.16337618143957014,25.777063850884296
stress,80,3,38.64183187230432,5.54443473477446,35.857605358722054,25.85123727544152,-0.16337618143957014,25.777063850884296
stress,80,4,38.64183187230432,5.54443473477446,35.857605358722054,25.777101969587108,-0.16337618143957014,25.777063850884296
stress,100,0,135.05837520735204,13.273056796961711,109.50243800207744,64.07540359918968,-0.3839692676040545,63.999650675081156
stress,100,1,135.05837520735204,13.273056796961711,109.50243800207744,64.04270455761196,-0.3839692676040545,63.999650675081156
stress,100,2,135.05837520735204,13.273056796961711,109.50243800207744,65.22872990650258,-0.3839692676040545,63.999650675081156
stress,100,3,135.05837520735204,13.273056796961711,109.50243800207744,64.03633698921965,-0.3839692676040545,63.999650675081156
stress,100,4,135.05837520735204,13.273056796961711,109.50243800207744,64.05005722420893,-0.3839692676040545,63.999650675081156
stress,120,0,263.0809269356275,88.44837943329287,121.70570833787781,72.83262134980629,-0.6290566519447871,72.35752029502362
stress,120,1,263.0809269356275,88.44837943329287,121.70570833787781,72.37617166479569,-0.6290566519447871,72.35752029502362
stress,120,2,263.0809269356275,88.44837943329287,121.70570833787781,72.54004082360677,-0.6290566519447871,72.35752029502362
stress,120,3,263.0809269356275,88.44837943329287,121.70570833787781,73.06087703170965,-0.6290566519447871,72.35752029502362
stress,120,4,263.0809269356275,88.44837943329287,121.70570833787781,72.38804010429294,-0.6290566519447871,72.35752029502362
