scenario,strike,n,method,pilot_groups,repeats_per_group,reference,quadrature_diagnostic,mean_price,bias,estimator_variance,rmse,mean_reported_se,reported_se2_over_empirical_variance,coverage_95,mean_seconds,median_seconds,mean_pilot_seconds,variance_ratio_vs_iid,variance_ratio_ci_low,variance_ratio_ci_high,population_variance_constant,population_variance_ratio,empirical_over_population_variance,efficiency_vs_iid,efficiency_including_one_pilot,projected_calls_to_amortise_pilot
gaussian,80,1000,IID,5,20,0.8596339763673766,2.997602166487925e-15,0.8457954461381072,-0.013838530229269397,0.009040601433323242,0.0956122394774665,0.09482827846960613,1.0010687147271387,0.92,0.00022544499966898002,0.00021270000434014946,0.0,1.0,1.0,1.0,9.258185047676983,1.0,0.9764982430969733,1.0,1.0,
gaussian,80,1000,IS,5,20,0.8596339763673766,2.997602166487925e-15,0.8643865108942695,0.004752534526892949,0.0005875274470849138,0.024581268418114127,0.024622279327777212,1.0319735962697287,0.96,0.0004878199998347554,0.0004578000007313676,0.022911200000089595,15.387538876999269,9.335626585026713,24.407989097349386,0.6057073900599953,15.284913474078564,0.9699856015075516,7.111319130430537,0.14825593965229025,8
gaussian,80,1000,AV,5,20,0.8596339763673766,2.997602166487925e-15,0.881903041190798,0.02226906482342139,0.008398689566245397,0.09386487052509414,0.0935493544669752,1.0475593102539966,0.95,0.00018503500017686748,0.0001781999962986447,0.0,1.076430002801593,0.5662782175543892,2.135318445561225,8.519214474351747,1.086741632758514,0.9858525796633941,1.3115127483628575,1.3115127483628575,0
gaussian,80,1000,CV,5,20,0.8596339763673766,2.997602166487925e-15,0.8687611370911058,0.00912716072372921,0.007288483456641441,0.08543362151373318,0.08501836428972682,0.9964466812630607,0.94,0.00024120300076901913,0.000225349998800084,0.0009281999984523282,1.2403954110762547,0.6760843804783134,2.5461246268885613,7.166813609214856,1.2918132872568515,1.0169768399264836,1.1593593037728434,0.23913137149955224,25
gaussian,80,1000,MH,5,20,0.8596339763673766,2.997602166487925e-15,0.8494383529027565,-0.010195623464620107,0.047262307749321546,0.21654938330473403,0.1817582367713327,0.7567826408771352,0.87,0.003354327000124613,0.003253850001783576,0.09350954000256025,0.1912856537026172,0.11346702961954422,0.3225884169133897,,,,0.012856347676915547,0.00044520619989775803,
gaussian,80,5000,IID,5,20,0.8596339763673766,2.997602166487925e-15,0.8606086475219583,0.0009746711545817188,0.0016998264756949088,0.041033866437340916,0.04277601437401903,1.0775393118326932,0.94,0.0005865350000385661,0.0005642500036628917,0.0,1.0,1.0,1.0,9.258185047676983,1.0,0.9180127999933532,1.0,1.0,
gaussian,80,5000,IS,5,20,0.8596339763673766,2.997602166487925e-15,0.8589005280449473,-0.0007334483224292754,0.00012132485593824187,0.010984059077614882,0.011007319379525411,0.9986680468656656,0.94,0.001263134999462636,0.0012433500014594756,0.022911200000089595,14.01053776284864,7.246400638645365,25.328858397465545,0.6057073900599953,15.284913474078564,1.0015137501147595,6.50577394401131,0.33993368452224104,4
gaussian,80,5000,AV,5,20,0.8596339763673766,2.997602166487925e-15,0.8627791941271529,0.0031452177597762754,0.0018373946118697532,0.04276579311210618,0.04139613346643935,0.9336261703893022,0.9,0.00039581200093380175,0.0003770499970414676,0.0,0.9251286929404601,0.5222646411551883,1.4971144790624689,8.519214474351747,1.086741632758514,1.078382647485563,1.3709042592679315,1.3709042592679315,0
gaussian,80,5000,CV,5,20,0.8596339763673766,2.997602166487925e-15,0.8579851239065952,-0.0016488524607813915,0.001397257198373272,0.0372290658065303,0.03772038730267055,1.0191388256859968,0.96,0.0006129770001280122,0.0005971499995212071,0.0009281999984523282,1.2165451555188957,0.6571659353479848,1.9616761716407876,7.166813609214856,1.2918132872568515,0.9748106163781937,1.1640670248478786,0.4629879069675177,10
gaussian,80,5000,MH,5,20,0.8596339763673766,2.997602166487925e-15,0.8639753284876953,0.00434135212031872,0.008770540604449437,0.09328280943795345,0.08955134560892296,0.9360964892382276,0.92,0.009995747001084965,0.009905800005071796,0.09350954000256025,0.19381091227518624,0.11161672739163994,0.3209402587767073,,,,0.011372525077561696,0.0010982712741504446,
gaussian,80,20000,IID,5,20,0.8596339763673766,2.997602166487925e-15,0.8592613941175974,-0.0003725822497792075,0.0005641750953034167,0.0236362467808075,0.02148967431304292,0.8188538221626024,0.95,0.0023774120010784825,0.002339849997952115,0.0,1.0,1.0,1.0,9.258185047676983,1.0,1.2187596000686478,1.0,1.0,
gaussian,80,20000,IS,5,20,0.8596339763673766,2.997602166487925e-15,0.860016277868453,0.0003823015010764319,3.142761326073319e-05,0.005591018830754478,0.00550376964352618,0.9638524650971667,0.95,0.005146770000574179,0.00509635000344133,0.022911200000089595,17.95157305210694,11.081522506974808,29.52608006513601,0.6057073900599953,15.284913474078564,1.0377160251460789,8.292246439525156,1.5210753027145756,1
gaussian,80,20000,AV,5,20,0.8596339763673766,2.997602166487925e-15,0.85967079048594,3.681411856337746e-05,0.0004466607412370355,0.021028444761893132,0.02065170969830134,0.955114349404762,0.93,0.0014240479998989032,0.0014062000045669265,0.0,1.263095327654996,0.8311151376323858,1.9445292946849715,8.519214474351747,1.086741632758514,1.0485960708743003,2.108705598888752,2.108705598888752,0
gaussian,80,20000,CV,5,20,0.8596339763673766,2.997602166487925e-15,0.861094825618201,0.0014608492508244586,0.00032737229281118457,0.01806191159364665,0.018928284855786272,1.0946736832289052,0.96,0.0024946209989138877,0.0024508999995305203,0.0009281999984523282,1.723344057185715,1.093478217605742,2.674321572909092,7.166813609214856,1.2918132872568515,0.9135783645615115,1.6423732684541674,1.1969947732274715,1
gaussian,80,20000,MH,5,20,0.8596339763673766,2.997602166487925e-15,0.8546066689781489,-0.005027307389227742,0.0025208437040587666,0.05020865549488418,0.04447321179317847,0.7908448398959107,0.91,0.03579732499929378,0.035395700004301034,0.09350954000256025,0.2238040757525142,0.14497383843848796,0.35236991444780247,,,,0.014863526690745806,0.004114820165013483,
gaussian,100,1000,IID,5,20,6.4579567387037065,2.3092638912203262e-14,6.45107308958878,-0.006883649114926449,0.08474457513326833,0.2897317966793998,0.29571941286153147,1.0327222384563344,0.96,0.00023521000039181673,0.00021905000176047906,0.0,1.0,1.0,1.0,87.40807812670235,1.0,0.9695279538171159,1.0,1.0,
gaussian,100,1000,IS,5,20,6.4579567387037065,2.3092638912203262e-14,6.467177273506667,0.009220534802960145,0.017807223590444204,0.13309458898314527,0.1252221394321686,0.8807472667472116,0.96,0.0004809430007298943,0.0004573500045808032,0.02446911999722943,4.758999891411728,2.6512999397714854,8.845797715686526,15.749604932134119,5.549858456980247,1.1306457315708218,2.3274366497169634,0.044864189978805334,39
gaussian,100,1000,AV,5,20,6.4579567387037065,2.3092638912203262e-14,6.478102016420129,0.020145277716422605,0.039242805258978546,0.19813179810585824,0.2143258791309126,1.1716134399765608,0.98,0.00019386799962376245,0.0001836500014178455,0.0,2.159493302632314,1.2107648244244102,3.6109576551740314,45.70287288773322,1.9125291826055626,0.858650731987385,2.6200013490829592,2.6200013490829592,0
gaussian,100,1000,CV,5,20,6.4579567387037065,2.3092638912203262e-14,6.464077725065905,0.006120986362198266,0.04088956874535507,0.20129118095919593,0.1836281296145879,0.8252610171144052,0.91,0.00024792099939077163,0.00023014999169390649,0.0009805800043977797,2.0725230843354163,1.1665777329349005,3.6010719587635776,33.60390781337558,2.601128375072817,1.2168099309295073,1.9662640787851224,0.39680729114201585,5
gaussian,100,1000,MH,5,20,6.4579567387037065,2.3092638912203262e-14,6.531371075102632,0.07341433639892525,0.3545635477682483,0.5969988082730654,0.5973380130094884,1.0327407222516707,0.93,0.0033840090010198763,0.003291700006229803,0.09426664000202437,0.23901096338493186,0.10213940539669844,0.6001750536707028,,,,0.01661277164879743,0.0005757029714125683,
gaussian,100,5000,IID,5,20,6.4579567387037065,2.3092638912203262e-14,6.455102308105149,-0.0028544305985578333,0.014787460369867585,0.12102782134786572,0.13223447049119194,1.1826599799059578,0.97,0.0006027080002240836,0.0005810000002384186,0.0,1.0,1.0,1.0,87.40807812670235,1.0,0.8458863692456678,1.0,1.0,
gaussian,100,5000,IS,5,20,6.4579567387037065,2.3092638912203262e-14,6.454862458174834,-0.003094280528872062,0.0032159743291271994,0.056510080143522025,0.0561411924496511,0.9800974034119517,0.95,0.0012836620002053677,0.0012457000048016198,0.02446911999722943,4.5981276143708625,2.9172946441874643,7.506854298784218,15.749604932134119,5.549858456980247,1.0209698411436359,2.158923687691328,0.10761277362223032,17
gaussian,100,5000,AV,5,20,6.4579567387037065,2.3092638912203262e-14,6.4519862112347734,-0.005970527468933007,0.010193544153291795,0.10063426807015667,0.09541601152902203,0.8933755796438255,0.94,0.0004058759995677974,0.00039125000330386683,0.0,1.4506691831115757,0.9165520241330148,2.443826635606768,45.70287288773322,1.9125291826055626,1.115197306997715,2.154179905367464,2.154179905367464,0
gaussian,100,5000,CV,5,20,6.4579567387037065,2.3092638912203262e-14,6.46458483418574,0.006628095482033913,0.006946679335294837,0.08319341435270491,0.0820047047871672,0.9682062675330514,0.93,0.0006378949995269067,0.0006193000008352101,0.0009805800043977797,2.1287092229427,1.0819898516013549,4.683585839149148,33.60390781337558,2.601128375072817,1.0336118307838302,2.0112872491082143,0.7927154115492661,2
gaussian,100,5000,MH,5,20,6.4579567387037065,2.3092638912203262e-14,6.472066720490011,0.014109981786304182,0.07807098872693603,0.2783691262077685,0.2775558013901781,0.9960890450687258,0.96,0.010132725000730716,0.009990800004743505,0.09426664000202437,0.1894104405618424,0.12705706575776965,0.281295019768264,,,,0.011266385680491492,0.0010934854618088726,
gaussian,100,20000,IID,5,20,6.4579567387037065,2.3092638912203262e-14,6.470392968916537,0.012436230212830246,0.0043875567358370535,0.06706967265750759,0.06616579879871229,0.997839031195962,0.95,0.002425847999402322,0.0023912500037113205,0.0,1.0,1.0,1.0,87.40807812670235,1.0,1.0039247698541256,1.0,1.0,
gaussian,100,20000,IS,5,20,6.4579567387037065,2.3092638912203262e-14,6.459663664692121,0.0017069259884143761,0.0007506221208746473,0.0273135405247255,0.02805962830935416,1.0489315006446718,0.96,0.005247680999600561,0.005156949999218341,0.02446911999722943,5.845227064084578,3.4120593144354143,9.34857798504237,15.749604932134119,5.549858456980247,0.953194856771478,2.7020759037260826,0.47715877563585934,3
gaussian,100,20000,AV,5,20,6.4579567387037065,2.3092638912203262e-14,6.457316477346444,-0.0006402613572626947,0.0025773060533277195,0.05051675887663466,0.04779256736147646,0.886293967441757,0.95,0.0015031969994015527,0.0014825500038568862,0.0,1.7023809532329337,0.8117339857261672,3.43612985057883,45.70287288773322,1.9125291826055626,1.127852973119979,2.747289564351737,2.747289564351737,0
gaussian,100,20000,CV,5,20,6.4579567387037065,2.3092638912203262e-14,6.453126430616126,-0.004830308087580448,0.0016114556514153732,0.04023273506887366,0.04096454676932744,1.0413865584562827,0.94,0.0025814060000993776,0.0025308500044047832,0.0009805800043977797,2.7227288147727653,1.5307960945174444,4.871966406686703,33.60390781337558,2.601128375072817,0.9590882467389434,2.558654565758852,1.8542819202244394,1
gaussian,100,20000,MH,5,20,6.4579567387037065,2.3092638912203262e-14,6.456167562651456,-0.0017891760522505962,0.01984084379916031,0.14016289277877597,0.13979851939537005,0.9898440760199135,0.97,0.03632237599973451,0.03609100000176113,0.09426664000202437,0.2211376078684083,0.11479886445967057,0.4259945584261839,,,,0.014769028976631775,0.004107896973762083,
gaussian,120,1000,IID,5,20,19.220021665712146,5.684341886080802e-14,19.196613194634313,-0.023408471077832615,0.20630427497247625,0.45253639493520653,0.4868578965271715,1.1491953854636967,0.95,0.00022596200040425174,0.00022024998906999826,0.0,1.0,1.0,1.0,237.50668139128038,1.0,0.8686251425179919,1.0,1.0,
gaussian,120,1000,IS,5,20,19.220021665712146,5.684341886080802e-14,19.240883686076955,0.020862020364809553,0.07451523325283911,0.2724065065559421,0.2612852714046469,0.9166327270949658,0.94,0.0004787379992194474,0.0004644999935408123,0.023425740003585816,2.7686187906365554,1.7974726002398946,4.411488196697513,68.39364875343031,3.4726423537882694,1.0895051603618642,1.3067745641855097,0.026170939194556764,160
gaussian,120,1000,AV,5,20,19.220021665712146,5.684341886080802e-14,19.244403421378184,0.024381755666038174,0.013830846184611828,0.11952827168550628,0.11593443110199361,0.9748956165159794,0.93,0.00019352099945535884,0.00018489999638404697,0.0,14.916243895620065,9.772792960176467,21.930625775008792,13.194455405749409,18.000491425192752,1.0482316821189237,17.416736781320324,17.416736781320324,0
gaussian,120,1000,CV,5,20,19.220021665712146,5.684341886080802e-14,19.22263432333116,0.0026126576190144135,0.037801202646076504,0.19346838656341228,0.1740171492813281,0.8040161347988268,0.9,0.00023879199972725473,0.0002304500012542121,0.0010200000047916546,5.457611412632904,3.1567244694632794,9.566661693129179,30.487740228066734,7.79023566897995,1.239882075985319,5.164380689621786,0.9796795561145305,2
gaussian,120,1000,MH,5,20,19.220021665712146,5.684341886080802e-14,18.97344921502851,-0.24657245068363665,0.8945599790427797,0.9728372693767888,0.9919025244544524,1.1232776830617242,0.93,0.003366945999732707,0.003313599998364225,0.09482204000523779,0.23062095310057498,0.15516863929323987,0.35220719115425864,,,,0.015477400558808502,0.0005307272640039594,
gaussian,120,5000,IID,5,20,19.220021665712146,5.684341886080802e-14,19.22472370989456,0.004702044182412379,0.042786054023113744,0.20586476799679912,0.21785363143318,1.109298871133398,0.97,0.0006054070002574008,0.0005898500021430664,0.0,1.0,1.0,1.0,237.50668139128038,1.0,0.9007336924687576,1.0,1.0,
gaussian,120,5000,IS,5,20,19.220021665712146,5.684341886080802e-14,19.214167989922142,-0.005853675790003621,0.013246278469076474,0.1146650827612321,0.1170413845868582,1.0342515389857418,0.95,0.0013168580006458796,0.0012781999976141378,0.023425740003585816,3.2300433758053684,2.0825426378417777,4.801276856991429,68.39364875343031,3.4726423537882694,0.9683851286273203,1.484967148992911,0.07903336870740783,37
gaussian,120,5000,AV,5,20,19.220021665712146,5.684341886080802e-14,19.218798528726467,-0.0012231369856792185,0.0028950931469093107,0.05355033407483057,0.051394448363200916,0.9130211534339104,0.92,0.00040737799994531085,0.00039354999898932874,0.0,14.778817762319834,9.153476509309153,28.94544893753308,13.194455405749409,18.000491425192752,1.097087017948384,21.962893749878432,21.962893749878432,0
gaussian,120,5000,CV,5,20,19.220021665712146,5.684341886080802e-14,19.21655367763775,-0.0034679880743944125,0.005435358095370948,0.07343726203843225,0.07784219391730778,1.1155549305689432,0.93,0.0006442350005090703,0.0006221999938134104,0.0010200000047916546,7.871800398864744,4.74562082780492,12.545909188609986,30.487740228066734,7.79023566897995,0.8914006178731487,7.397367517033282,2.8635637700942196,1
gaussian,120,5000,MH,5,20,19.220021665712146,5.684341886080802e-14,19.221095713945694,0.0010740482335478418,0.26388922317413743,0.5111276597113523,0.4564514717615098,0.7968998977513314,0.94,0.01048177299919189,0.01028184999449877,0.09482204000523779,0.16213642038303216,0.11038701829364084,0.2426400130124209,,,,0.009364687052861394,0.0009321459603028365,
gaussian,120,20000,IID,5,20,19.220021665712146,5.684341886080802e-14,19.213453981377963,-0.006567684334182644,0.0105062373997193,0.10219740458169943,0.10895742277326217,1.1299868415011114,0.97,0.002491669000737602,0.0024322499957634136,0.0,1.0,1.0,1.0,237.50668139128038,1.0,0.884710892188401,1.0,1.0,
gaussian,120,20000,IS,5,20,19.220021665712146,5.684341886080802e-14,19.21793539928329,-0.002086266428854344,0.0033957174208003723,0.05801821053948954,0.05852926879616077,1.0088523606697228,0.96,0.005236407999327639,0.005159049993380904,0.023425740003585816,3.0939669288627005,2.0450714376514196,4.634568531822646,68.39364875343031,3.4726423537882694,0.9929920344043813,1.4722194082173077,0.2689659367180328,10
gaussian,120,20000,AV,5,20,19.220021665712146,5.684341886080802e-14,19.22107899856626,0.0010573328541134686,0.0008041756667444761,0.028235648794412663,0.025681364923072776,0.8202842050842851,0.93,0.00149141400019289,0.00145899999915855,0.0,13.064604954103414,8.490498437194805,22.627841108641295,13.194455405749409,18.000491425192752,1.2189599979913701,21.826716905441565,21.826716905441565,0
gaussian,120,20000,CV,5,20,19.220021665712146,5.684341886080802e-14,19.217728215857747,-0.0022934498543989434,0.001637688976945824,0.0403307822811684,0.03899818417615725,0.9288633623510402,0.91,0.0025792669995280447,0.002531099999032449,0.0010200000047916546,6.415282478918983,4.16421386596074,10.420967888579254,30.487740228066734,7.79023566897995,1.074326247006121,6.1974043348836725,4.441115500604213,1
gaussian,120,20000,MH,5,20,19.220021665712146,5.684341886080802e-14,19.24153474466994,0.02151307895779553,0.047922422201847524,0.21887441729465182,0.2325168205103288,1.1322763528018867,0.97,0.03686947000096552,0.03660179999860702,0.09482204000523779,0.21923427316481217,0.13956821864273167,0.3441088196301348,,,,0.014816031864024538,0.004148021708599669,
mixture,80,1000,IID,5,20,0.5700369979731365,1.94566585065559e-15,0.5768473766101955,0.0068103786370590225,0.011011415962061304,0.10463117632723432,0.09811065626045327,0.8896676335079353,0.93,0.0002271629993629176,0.00021720000222558156,0.0,1.0,1.0,1.0,9.69561355330761,1.0,1.1357111029146594,1.0,1.0,
mixture,80,1000,IS,5,20,0.5700369979731365,1.94566585065559e-15,0.5681738616348484,-0.0018631363382880517,0.00030592980181859706,0.017502622112571038,0.01712098869766306,0.9585624218825046,0.96,0.0005354710000392515,0.0005178499995963648,0.02761766000185162,35.99327655103895,22.58315991947822,57.14953091441946,0.2938291996665246,32.99744737524877,1.0411824358021797,15.269436921203258,0.29042384868964755,4
mixture,80,1000,AV,5,20,0.5700369979731365,1.94566585065559e-15,0.5624068491208675,-0.007630148852268981,0.008952605184690963,0.09445262465570682,0.0951065218577215,1.024506203401953,0.94,0.0001891580002848059,0.0001799000019673258,0.0,1.2299677842256382,0.7313262831868584,2.1505232398893392,9.370671374249342,1.0346765099404946,0.9553856737834999,1.4770888387685122,1.4770888387685122,0
mixture,80,1000,CV,5,20,0.5700369979731365,1.94566585065559e-15,0.5722693191113191,0.0022323211381826136,0.006288843613867927,0.07893629352454563,0.08628421633077117,1.1944960662471014,0.96,0.00023536400010925717,0.00022789999638916925,0.0009484200010774658,1.750944472172807,0.9759472887192007,2.831944857407504,7.548843217899308,1.2843840140060168,0.8330870614660858,1.6899347301713854,0.3359986261158777,6
mixture,80,1000,MH,5,20,0.5700369979731365,1.94566585065559e-15,0.5891728882989673,0.01913589032583085,0.06264164253582763,0.24976270419946928,0.2212453586903228,0.9226232008904768,0.86,0.0033605819987133144,0.003317599999718368,0.09396637999743689,0.17578427889663606,0.10157212211081125,0.3073339463126298,,,,0.011882371580368027,0.0004102838845066075,
mixture,80,5000,IID,5,20,0.5700369979731365,1.94566585065559e-15,0.5713535843720265,0.001316586398890096,0.0020503587572355355,0.04507314687714763,0.04405440538853662,0.9496740485175351,0.98,0.0006034630002977792,0.0005750999989686534,0.0,1.0,1.0,1.0,9.69561355330761,1.0,1.0573641090181787,1.0,1.0,
mixture,80,5000,IS,5,20,0.5700369979731365,1.94566585065559e-15,0.5705012067102679,0.00046420873713148847,6.253835851430173e-05,0.0078821611681561,0.0076755952732069765,0.9421271317778088,0.97,0.001566556999750901,0.0015143999989959411,0.02761766000185162,32.78561839397567,18.648325140789144,55.81773460277688,0.2938291996665246,32.99744737524877,1.0641957740292378,12.629548523157869,0.6779317615942965,2
mixture,80,5000,AV,5,20,0.5700369979731365,1.94566585065559e-15,0.5698248917411807,-0.0002121062319557776,0.001721604293300169,0.04128478217722363,0.043151094087153785,1.0842802328777499,0.96,0.00039952599981916135,0.0003815000018221326,0.0,1.19095820405116,0.8199827165184492,1.8850540681231165,9.370671374249342,1.0346765099404946,0.9186130985401681,1.7988797008737218,1.7988797008737218,0
mixture,80,5000,CV,5,20,0.5700369979731365,1.94566585065559e-15,0.5730798891986455,0.003042891225509048,0.001321252366581469,0.03629461433774899,0.03914054113584817,1.161809787626024,0.98,0.0006437480004387908,0.0006088500085752457,0.0009484200010774658,1.551829770826079,0.9769536596666722,2.4265557637445982,7.548843217899308,1.2843840140060168,0.8751356522073505,1.4547180710709842,0.5881740171654612,4
mixture,80,5000,MH,5,20,0.5700369979731365,1.94566585065559e-15,0.5902785054931657,0.02024150752002929,0.012621727607847624,0.11360118378983801,0.106802077512853,0.961157464686242,0.95,0.010425881999690318,0.010230100000626408,0.09396637999743689,0.16244676013771003,0.10606703674504495,0.2475378116459857,,,,0.009402620254503934,0.0009390601121762636,
mixture,80,20000,IID,5,20,0.5700369979731365,1.94566585065559e-15,0.5652333476154285,-0.0048036503577079115,0.0003944919865743733,0.020337702020330084,0.021881947782040473,1.214486478269583,0.97,0.002437652000080561,0.0023853000020608306,0.0,1.0,1.0,1.0,9.69561355330761,1.0,0.813753527624447,1.0,1.0,0
mixture,80,20000,IS,5,20,0.5700369979731365,1.94566585065559e-15,0.5704196177887089,0.00038261981557241587,1.2809655164463211e-05,0.003581613677672001,0.0038346447692920245,1.1479467949091269,0.98,0.0062912539999524595,0.0062544500033254735,0.02761766000185162,30.796456384616853,19.071199542722603,48.66312867005669,0.2938291996665246,32.99744737524877,0.8719116533687779,11.932604136142388,2.21390291347464,1
mixture,80,20000,AV,5,20,0.5700369979731365,1.94566585065559e-15,0.5642960253464085,-0.005740972626727903,0.00048698602705965277,0.0226952623578115,0.021479955854407415,0.9480744486502862,0.93,0.0014730229999986477,0.0014334000006783754,0.0,0.8100683893463139,0.5343669762990687,1.2703846188326364,9.370671374249342,1.0346765099404946,1.0393834285937997,1.340552611530094,1.340552611530094,0
mixture,80,20000,CV,5,20,0.5700369979731365,1.94566585065559e-15,0.5716242391965367,0.0015872412234002597,0.0003692696196435016,0.01918583483063293,0.019461593248006174,1.0262064688859172,0.96,0.002593377999146469,0.0025287000025855377,0.0009484200010774658,1.0683033902307528,0.5975551459493266,1.79835151811135,7.548843217899308,1.2843840140060168,0.9783475665991165,1.0041543873457381,0.7352626817577366,89
mixture,80,20000,MH,5,20,0.5700369979731365,1.94566585065559e-15,0.5791682296437505,0.009131231670614026,0.002504426692265306,0.05062372780786772,0.052909195439795075,1.1355303137698094,0.96,0.037137010999576885,0.0368774000016856,0.09396637999743689,0.15751788135493283,0.101448606545915,0.24613758894777932,,,,0.010339382955124723,0.0029287860185252617,
mixture,100,1000,IID,5,20,4.289975994451892,1.4921397450962108e-14,4.272828005050864,-0.017147989401027353,0.06593635885625002,0.2560684455534989,0.24937181223875965,0.9462520981509246,0.94,0.00023971299975528382,0.00022385000193025917,0.0,1.0,1.0,1.0,63.3165145371256,1.0,1.0413769509941717,1.0,1.0,
mixture,100,1000,IS,5,20,4.289975994451892,1.4921397450962108e-14,4.297021285237385,0.007045290785493208,0.006382418030681494,0.07980119029580224,0.0822897000567869,1.0613938910552978,0.95,0.0005472160005592741,0.0005276999945635907,0.028361700003733857,10.330937042870184,5.919361066239105,16.12994323286318,6.734799635631909,9.401395433078058,0.9476774924251549,4.52556194683336,0.08566422582090678,15
mixture,100,1000,AV,5,20,4.289975994451892,1.4921397450962108e-14,4.292937433612163,0.002961439160271695,0.04485393035762498,0.21074667536155514,0.2135118969245154,1.0190754715324206,0.93,0.00019994900008896366,0.00018625000666361302,0.0,1.4700241055919219,0.8266898026101708,2.5119072834646823,45.936366326047064,1.3783526996392736,0.9764361865120289,1.7623688435912703,1.7623688435912703,0
mixture,100,1000,CV,5,20,4.289975994451892,1.4921397450962108e-14,4.309559613734256,0.019583619282363962,0.022984797473168447,0.152113338148347,0.1636886863296292,1.1703686691315998,0.98,0.0002468799991765991,0.0002343500018469058,0.0010902600013650953,2.868694359096335,1.7727636244398643,4.325835044156235,26.22408330365356,2.4144414812892347,0.8764766801196893,2.7854153130814865,0.5142792302387645,3
mixture,100,1000,MH,5,20,4.289975994451892,1.4921397450962108e-14,4.3779930962221405,0.0880171017702489,0.6074124175044467,0.780439173500047,0.6097769691601177,0.6496824485685975,0.88,0.0035204019985394554,0.0033794999981182627,0.09957784000143874,0.10855286615171529,0.06720117475660395,0.190892328080969,,,,0.007391636860806608,0.00025239550813356245,
mixture,100,5000,IID,5,20,4.289975994451892,1.4921397450962108e-14,4.294730821478213,0.004754827026321351,0.013834921634311385,0.1171289067566948,0.11207459234478374,0.9083621749792913,0.94,0.0006440069992095232,0.0006139499964774586,0.0,1.0,1.0,1.0,63.3165145371256,1.0,1.0925207850946443,1.0,1.0,
mixture,100,5000,IS,5,20,4.289975994451892,1.4921397450962108e-14,4.285151339594586,-0.004824654857305433,0.0011381007972880342,0.03391160691868305,0.03669452490239564,1.1832087794019548,0.98,0.001624903000338236,0.0015740500020910986,0.028361700003733857,12.156147915262377,8.278319233221719,17.830985307861727,6.734799635631909,9.401395433078058,0.8449403537312875,4.817914878134653,0.26107139710997335,5
mixture,100,5000,AV,5,20,4.289975994451892,1.4921397450962108e-14,4.285356613975077,-0.0046193804768144275,0.0077489979394317855,0.08770887432881033,0.09574038616000413,1.1835345562098787,0.95,0.000430372000701027,0.0004010499978903681,0.0,1.7853820251920036,1.1310364026505186,2.8724306226079137,45.936366326047064,1.3783526996392736,0.8434491623075888,2.671638765100036,2.671638765100036,0
mixture,100,5000,CV,5,20,4.289975994451892,1.4921397450962108e-14,4.286737603241981,-0.0032383912099103185,0.0047002148732221,0.06829128716108891,0.07205466749712497,1.1053425331235232,0.94,0.0006631239991111215,0.0006321499968180433,0.0010902600013650953,2.9434657792202685,1.6044152940787593,5.971000196681746,26.22408330365356,2.4144414812892347,0.8961638084346808,2.858609500323503,1.0811166083622983,1
mixture,100,5000,MH,5,20,4.289975994451892,1.4921397450962108e-14,4.333056090957058,0.04308009650516631,0.07073963700542048,0.2681196288044959,0.2786410435898898,1.111482071738946,0.95,0.010616451999085256,0.01034724999772152,0.09957784000143874,0.19557524211286628,0.11671883648983492,0.3293574742546807,,,,0.011863834057144078,0.0011429977225334326,
mixture,100,20000,IID,5,20,4.289975994451892,1.4921397450962108e-14,4.285453902878938,-0.004522091572953357,0.0028665164780758857,0.05346307721679795,0.056179444483709984,1.101175890941066,0.95,0.002591829999582842,0.0025197999930242077,0.0,1.0,1.0,1.0,63.3165145371256,1.0,0.9054561828083906,1.0,1.0,
mixture,100,20000,IS,5,20,4.289975994451892,1.4921397450962108e-14,4.292795930542112,0.002819936090220132,0.00030286200703640823,0.01754381448029401,0.018350947009608404,1.111937676617952,0.96,0.006441433000727557,0.006268050005019177,0.028361700003733857,9.464760886073407,5.161880627415756,19.46521782251397,6.734799635631909,9.401395433078058,0.8993942609192158,3.808322030304836,0.7048518074582165,2
mixture,100,20000,AV,5,20,4.289975994451892,1.4921397450962108e-14,4.283270147680501,-0.006705846771390966,0.0028280953597731072,0.05333650520137919,0.04790313209533035,0.8115125874276353,0.93,0.0015300059992296156,0.0014962499990360811,0.0,1.0135855101809088,0.5677977020086432,2.027536672024849,45.936366326047064,1.3783526996392736,1.2313099994456926,1.7170137461893094,1.7170137461893094,0
mixture,100,20000,CV,5,20,4.289975994451892,1.4921397450962108e-14,4.283806481425904,-0.006169513025987783,0.0015918617143629889,0.04017469338025097,0.03617119583416335,0.8220457182660346,0.94,0.0027007210001465864,0.002622450003400445,0.0010902600013650953,1.8007320938822704,1.088413977096527,2.9419841677759635,26.22408330365356,2.4144414812892347,1.214045651038036,1.7281279561577725,1.2311302695198467,1
mixture,100,20000,MH,5,20,4.289975994451892,1.4921397450962108e-14,4.296227491289471,0.006251496837579751,0.02195125511792858,0.14754939437171397,0.14017303365851622,0.8986076526317792,0.95,0.0375949289991695,0.036721399999805726,0.09957784000143874,0.1305855388530687,0.07858904503740471,0.2198686689328189,,,,0.009002690685186585,0.0024673666615971975,
mixture,120,1000,IID,5,20,17.62642293246085,6.039613253960852e-14,17.67548653275367,0.04906360029281842,0.16912288807057124,0.4121151490342949,0.40872709658693396,0.9884721464153805,0.95,0.00024875699935364534,0.00022745000023860484,0.0,1.0,1.0,1.0,166.19338585954023,1.0,1.017627068585671,1.0,1.0,
mixture,120,1000,IS,5,20,17.62642293246085,6.039613253960852e-14,17.616019761164445,-0.010403171296406555,0.0320348738169307,0.17838932437728397,0.1778195292070161,0.9884431283470971,0.95,0.000566079999844078,0.0005261000042082742,0.030000819999258965,5.2793367951768975,3.2190671880295256,8.62512540698329,31.989263728668163,5.195286370739471,1.0014257936240547,2.3199406092906045,0.0429638589383952,41
mixture,120,1000,AV,5,20,17.62642293246085,6.039613253960852e-14,17.606130415386232,-0.0202925170746191,0.034969764656972824,0.18716798139539464,0.1858143278927881,0.9894152187227178,0.92,0.0002128170008654706,0.0001912500010803342,0.0,4.8362604017939494,2.9070205668178644,8.418096325754373,34.64674889373475,4.796795981327799,1.0093231190097747,5.652995863820166,5.652995863820166,0
mixture,120,1000,CV,5,20,17.62642293246085,6.039613253960852e-14,17.650229257839428,0.023806325378576076,0.016890358263545926,0.13148458392123827,0.14410892803706823,1.2569307845828697,0.96,0.0002619820002291817,0.00024080000002868474,0.0010256399982608855,10.012984060591853,6.170575870438738,15.0672925989175,20.80103073379293,7.989670703651519,0.8119962169041073,9.507522911153279,1.9344185424057299,1
mixture,120,1000,MH,5,20,17.62642293246085,6.039613253960852e-14,17.676909752401997,0.050486819941145455,0.8681827332658676,0.9284663833015058,0.9316378778055838,1.0337487443071327,0.93,0.0036049350010580383,0.0034187499986728653,0.10485286000184715,0.19480102700773244,0.12705058777673367,0.2944373964462191,,,,0.01344216162988504,0.0004467924038853448,
mixture,120,5000,IID,5,20,17.62642293246085,6.039613253960852e-14,17.61998800269531,-0.006434929765539721,0.029447634977575462,0.17086417690343123,0.18233439687217262,1.1291390217521808,0.95,0.0006273380003403872,0.0006023999958415516,0.0,1.0,1.0,1.0,166.19338585954023,1.0,0.8859448534992658,1.0,1.0,
mixture,120,5000,IS,5,20,17.62642293246085,6.039613253960852e-14,17.629992123951318,0.00356919149046675,0.005749251800045258,0.07552812992481957,0.07975462426746538,1.1066537172837714,0.98,0.0015689420005946886,0.0015188500110525638,0.030000819999258965,5.121994304953499,2.8075617182034347,9.494732839366021,31.989263728668163,5.195286370739471,0.8986220890874848,2.048018131840722,0.10178162461406184,19
mixture,120,5000,AV,5,20,17.62642293246085,6.039613253960852e-14,17.61947593068699,-0.006947001773863093,0.006374153508232859,0.0797412867139509,0.08294952202953171,1.0798986080299608,0.94,0.0004216200011433102,0.0004035500023746863,0.0,4.619850296912506,2.372760507580498,9.393837111076289,34.64674889373475,4.796795981327799,0.9198775804019971,6.873980454622511,6.873980454622511,0
mixture,120,5000,CV,5,20,17.62642293246085,6.039613253960852e-14,17.623365691716025,-0.003057240744826828,0.004076680334775118,0.06360236043103412,0.06431545200161985,1.0210907367637982,0.97,0.0006685409997589886,0.0006378499965649098,0.0010256399982608855,7.223434892939645,4.411705746987785,11.786472626252577,20.80103073379293,7.989670703651519,0.9799226747336676,6.778245766466633,2.6747645066389634,1
mixture,120,5000,MH,5,20,17.62642293246085,6.039613253960852e-14,17.62026550796019,-0.006157424500660369,0.2691443120964183,0.5162274526329799,0.4353138346614804,0.7144933118894703,0.89,0.010751211999013322,0.010398100006568711,0.10485286000184715,0.10941206503010227,0.060153308697522376,0.19915371486951894,,,,0.006384242641238583,0.0005937364047919164,
mixture,120,20000,IID,5,20,17.62642293246085,6.039613253960852e-14,17.6427010915979,0.01627815913704822,0.008673834604121952,0.09408546499312063,0.09122594643492725,0.9594877006958733,0.94,0.0023983000002044718,0.002378150005824864,0.0,1.0,1.0,1.0,166.19338585954023,1.0,1.0438242844938146,1.0,1.0,
mixture,120,20000,IS,5,20,17.62642293246085,6.039613253960852e-14,17.626570628946688,0.00014769648583623507,0.0009618346110991262,0.030858355096149623,0.04003377115050364,1.6663666783412474,0.99,0.006155984000506578,0.006063950000680052,0.030000819999258965,9.018010481251055,4.769129373180109,17.23748761153941,31.989263728668163,5.195286370739471,0.6013483894205096,3.513312337596811,0.5981694216991242,2
mixture,120,20000,AV,5,20,17.62642293246085,6.039613253960852e-14,17.627181982359488,0.0007590498986367322,0.0017488385870151485,0.04161641933051932,0.04164362108113012,0.991728986871905,0.96,0.0014358950009045657,0.0014283500058809295,0.0,4.959768539260176,2.5296963517166304,8.511054936303754,34.64674889373475,4.796795981327799,1.0095253626128222,8.284040881281955,8.284040881281955,0
mixture,120,20000,CV,5,20,17.62642293246085,6.039613253960852e-14,17.626778771147084,0.00035583868623234594,0.001065817683257862,0.03248516780926188,0.03209404408043509,0.9679436850424257,0.92,0.0025165589996322523,0.0024741000015637837,0.0010256399982608855,8.138197311203196,4.374253105861616,13.983497873240712,20.80103073379293,7.989670703651519,1.0247739132718612,7.75576436553835,5.510090942019819,1
mixture,120,20000,MH,5,20,17.62642293246085,6.039613253960852e-14,17.61223994870488,-0.0141829837559726,0.06611339346373603,0.2562292265868998,0.22194520118512545,0.7509527989299767,0.92,0.03698791299946606,0.03670525000052294,0.10485286000184715,0.13119633026974561,0.0651799980375936,0.2716754205448719,,,,0.008506783254229535,0.002218319544196532,
stress,80,1000,IID,5,20,1.668600165882205,6.142395619912481e-15,1.689738765843896,0.021138599961691096,0.03759300889547611,0.1940719433995078,0.1979494444196637,1.0486863852771116,0.97,0.0002273519997834228,0.00021964999905321747,0.0,1.0,1.0,1.0,38.64183187230432,1.0,0.9728578349935855,1.0,1.0,
stress,80,1000,IS,5,20,1.668600165882205,6.142395619912481e-15,1.6682577499553992,-0.0003424159268057281,0.005737816631195483,0.07536946141210284,0.07438460627506625,0.9653462532312737,0.97,0.0005392630011192523,0.0005209000082686543,0.028653519999352284,6.551796843957969,3.753429190977287,12.163466690229155,5.54443473477446,6.969480879618691,1.0348785594333252,2.762221979918776,0.05102508091210427,31
stress,80,1000,AV,5,20,1.668600165882205,6.142395619912481e-15,1.7045835522955535,0.03598338641334853,0.03355119621435769,0.18576998775363707,0.19046642572598038,1.0875473341567938,0.95,0.00019089700042968617,0.00018225000530947,0.0,1.1204670216613257,0.6609957476684931,1.8395790777348653,35.857605358722054,1.0776467498520514,0.935678662272874,1.3344390822940542,1.3344390822940542,0
stress,80,1000,CV,5,20,1.668600165882205,6.142395619912481e-15,1.6759569013104834,0.007356735428278416,0.025100080537173695,0.15780748172366116,0.16047510222023947,1.032441799076106,0.95,0.0002384549991984386,0.00023224999313242733,0.000969559999066405,1.4977246323891331,0.9225115433473583,2.4742774839232777,25.830266321572488,1.495990455198369,0.9717313876942505,1.427987215378921,0.28187621079842595,10
stress,80,1000,MH,5,20,1.668600165882205,6.142395619912481e-15,1.713809093181191,0.04520892729898596,0.34558927923676813,0.5866662028376319,0.47373420138613165,0.7004956648345251,0.87,0.0033455760005745103,0.0032799000036902726,0.09638246000104118,0.10877944182325344,0.059668962430430905,0.20227406878147414,,,,0.007392216954447982,0.00024798667080378975,
stress,80,5000,IID,5,20,1.668600165882205,6.142395619912481e-15,1.6542096769341066,-0.014390488948098357,0.006290939968427379,0.0802191793831652,0.08750184221535058,1.218267856884687,0.99,0.0006199479989300017,0.000592199998209253,0.0,1.0,1.0,1.0,38.64183187230432,1.0,0.8140064359806232,1.0,1.0,
stress,80,5000,IS,5,20,1.668600165882205,6.142395619912481e-15,1.6723525186814985,0.0037523527992935346,0.0009043407638702569,0.030155886784538764,0.03333867726090338,1.2292788832743875,0.98,0.001552782000071602,0.001520199999504257,0.028653519999352284,6.956382173357301,4.302102815492501,11.094223090560442,5.54443473477446,6.969480879618691,0.8155391912166176,2.77733462132246,0.14277137294884515,11
stress,80,5000,AV,5,20,1.668600165882205,6.142395619912481e-15,1.6634530403170507,-0.005147125565154287,0.006535312132577938,0.08060057017686428,0.08429077577903712,1.0882355489044004,0.96,0.00040463799989083783,0.0003896999987773597,0.0,0.9626074226918121,0.6114541228387508,1.4782340739540454,35.857605358722054,1.0776467498520514,0.9112867503557763,1.4748158739761201,1.4748158739761201,0
stress,80,5000,CV,5,20,1.668600165882205,6.142395619912481e-15,1.6622045612803233,-0.006395604601881599,0.005772692979973558,0.07586744893824644,0.0714697618485364,0.8857918026368052,0.93,0.0006458329992892687,0.0006263999966904521,0.000969559999066405,1.089775602175918,0.640705577122326,1.8115187366902934,25.830266321572488,1.495990455198369,1.117428079932807,1.0460973728428125,0.41822900343099356,33
stress,80,5000,MH,5,20,1.668600165882205,6.142395619912481e-15,1.6400745490013213,-0.02852561688088362,0.04893951450315303,0.2219545678208864,0.22028835580320982,1.0185005334263952,0.94,0.01011053000082029,0.010011849997681566,0.09638246000104118,0.12854520589945925,0.07811532266482978,0.21607564083898162,,,,0.007882014411010035,0.0007483247786358691,
stress,80,20000,IID,5,20,1.668600165882205,6.142395619912481e-15,1.6742650964322703,0.005664930550065339,0.002259563847167106,0.04763464754600897,0.044027238646751614,0.8581388364880045,0.94,0.0023062099995149765,0.002318550003110431,0.0,1.0,1.0,1.0,38.64183187230432,1.0,1.1694910606899038,1.0,1.0,
stress,80,20000,IS,5,20,1.668600165882205,6.142395619912481e-15,1.6713046477958198,0.0027044819136148313,0.0003238154579840787,0.018107775286470413,0.016670751468340253,0.858307236593901,0.91,0.006211605999415042,0.0060503499989863485,0.028653519999352284,6.977936943572978,4.37444459936118,11.447230606488121,5.54443473477446,6.969480879618691,1.1680738379085676,2.5907290251133825,0.4615668951209851,3
stress,80,20000,AV,5,20,1.668600165882205,6.142395619912481e-15,1.665697344776025,-0.002902821106179898,0.0018103717247919147,0.042434589404381884,0.04226400447557792,0.9869318083845033,0.96,0.0013658999995095655,0.001370350000797771,0.0,1.2481214858936343,0.7822552989172779,2.019663207454875,35.857605358722054,1.0776467498520514,1.0097560652368311,2.107350649689514,2.107350649689514,0
stress,80,20000,CV,5,20,1.668600165882205,6.142395619912481e-15,1.6712763956437289,0.0026762297615239294,0.0012355268383354586,0.03507611403346403,0.035973282254711886,1.0477401571524725,0.96,0.0024307240001508034,0.0024092000021482818,0.000969559999066405,1.828826195480515,0.9945919848899457,3.6790237268918147,25.830266321572488,1.495990455198369,0.9566504835481251,1.735144450431406,1.2403838209876163,1
stress,80,20000,MH,5,20,1.668600165882205,6.142395619912481e-15,1.6776308133188627,0.009030647436657713,0.015074441861004997,0.12249591844433086,0.11551196746899751,0.8937335819400696,0.95,0.03614842000068166,0.035528000007616356,0.09638246000104118,0.14989369875193928,0.09058553918643289,0.2532861279674081,,,,0.009562972514967162,0.0026083456694886062,
stress,100,1000,IID,5,20,5.7464627127794055,1.9717560917342786e-14,5.747738050628983,0.0012753378495773404,0.15665378976130045,0.3938132531420419,0.36692396304579866,0.8616226129363705,0.95,0.00023929000017233192,0.00022219999664230272,0.0,1.0,1.0,1.0,135.05837520735204,1.0,1.1598968928864535,1.0,1.0,
stress,100,1000,IS,5,20,5.7464627127794055,1.9717560917342786e-14,5.746508017396077,4.530461667151542e-05,0.012852724629350496,0.11280159323150223,0.11497943283323134,1.0290909579490344,0.97,0.0005382589998771437,0.0005185999980312772,0.027853159993537702,12.18837205953714,7.689064683120687,19.159974306734988,13.273056796961711,10.17537838294098,0.9683319242853364,5.418498442000571,0.10272665670227892,12
stress,100,1000,AV,5,20,5.7464627127794055,1.9717560917342786e-14,5.779789536995089,0.03332682421568389,0.13681943133116656,0.36954284491809325,0.3312991644906048,0.8040092095546071,0.92,0.00019352399918716402,0.00018560000171419233,0.0,1.144967408774895,0.580575098377585,2.213479743323062,109.50243800207745,1.2333823581607357,1.2494647044166345,1.4157378547044384,1.4157378547044384,0
stress,100,1000,CV,5,20,5.7464627127794055,1.9717560917342786e-14,5.7551868641491675,0.008724151369762012,0.05793219298808035,0.23964344738657484,0.25266334287167,1.110466184952919,0.93,0.0002481110004009679,0.0002366499975323677,0.0010346800001570955,2.7040887230616706,1.6923782520577548,4.359635686372176,64.28664645534657,2.1008775951808816,0.9011543793674162,2.6079512394118893,0.5044168463342285,3
stress,100,1000,MH,5,20,5.7464627127794055,1.9717560917342786e-14,5.750429960454145,0.00396724767473966,1.1649285274961363,1.0739157235441186,1.0001933130714038,0.8983826997729025,0.87,0.0033799530012765897,0.003277400006481912,0.0942029800004093,0.13447502234150585,0.0659212210153185,0.3051095110702121,,,,0.00952040697226252,0.00032975569732790613,
stress,100,5000,IID,5,20,5.7464627127794055,1.9717560917342786e-14,5.758063964517378,0.01160125173797244,0.021612165713966288,0.14673320380443688,0.16447393009409528,1.2522462401518804,0.99,0.0006248410005355254,0.0005927999955019914,0.0,1.0,1.0,1.0,135.05837520735204,1.0,0.8001046096099418,1.0,1.0,
stress,100,5000,IS,5,20,5.7464627127794055,1.9717560917342786e-14,5.741962984680152,-0.004499728099253808,0.0025888646905352104,0.05082542273899039,0.05151172433111974,1.025042356278655,0.97,0.0015466720009862911,0.0015152000050875358,0.027853159993537702,8.348124872257532,5.460123378781936,12.470194741559888,13.273056796961711,10.17537838294098,0.9752330341597794,3.3725642505007984,0.17742450700903598,8
stress,100,5000,AV,5,20,5.7464627127794055,1.9717560917342786e-14,5.753858053334713,0.007395340555307328,0.024412272335000523,0.1556368872522818,0.1477955504209661,0.8950839646009733,0.94,0.0004206400003749877,0.0004038499973830767,0.0,0.8852992223497504,0.5380712614857904,1.4532033165091909,109.50243800207745,1.2333823581607357,1.1146908133012243,1.3150704910926336,1.3150704910926336,0
stress,100,5000,CV,5,20,5.7464627127794055,1.9717560917342786e-14,5.752284907067909,0.005822194288503724,0.013145317743887231,0.11422680295264091,0.113168543847905,0.9760976995264288,0.96,0.000641786999622127,0.0006214000022737309,0.0010346800001570955,1.6440961059321877,0.9991426929297628,2.5322078018189274,64.28664645534657,2.1008775951808816,1.0223987770942409,1.600684738724974,0.612775948433531,3
stress,100,5000,MH,5,20,5.7464627127794055,1.9717560917342786e-14,5.693205496075652,-0.05325721670375305,0.15695331666733517,0.397768921148564,0.45342529934579967,1.3276888042317,0.96,0.010194469000416574,0.009999050002079457,0.0942029800004093,0.1376980504322415,0.08182709777812275,0.2354460534400428,,,,0.008439810607139735,0.0008241522032132449,
stress,100,20000,IID,5,20,5.7464627127794055,1.9717560917342786e-14,5.757216849954799,0.010754137175393197,0.0062520521779311986,0.07940518322212378,0.08223098322768319,1.0816631261830472,0.95,0.0023931309989711734,0.002374399991822429,0.0,1.0,1.0,1.0,135.05837520735204,1.0,0.9258296152804394,1.0,1.0,
stress,100,20000,IS,5,20,5.7464627127794055,1.9717560917342786e-14,5.745496124421318,-0.0009665883580876056,0.0007176526597475509,0.02667227823422789,0.025764178101771295,0.9249715010902889,0.95,0.006073650001053465,0.005993899998429697,0.027853159993537702,8.711807993759107,4.362936769841141,18.45308904285738,13.273056796961711,10.17537838294098,1.0813675715029356,3.432614286851176,0.6145139425213744,2
stress,100,20000,AV,5,20,5.7464627127794055,1.9717560917342786e-14,5.766335246945381,0.019872534165975786,0.004580581977194567,0.07021177801195802,0.07408562010397546,1.1983610710691759,0.96,0.0014798260013049003,0.0014614999963669106,0.0,1.3649034574773278,0.6642858647704423,2.3944587196994314,109.50243800207745,1.2333823581607357,0.8366173504023108,2.2072816478502495,2.2072816478502495,0
stress,100,20000,CV,5,20,5.7464627127794055,1.9717560917342786e-14,5.738706769506426,-0.007755943272979238,0.0026485691874036494,0.051790328745657394,0.05652360549990732,1.2067263839200468,0.97,0.002540922999905888,0.002503600000636652,0.0010346800001570955,2.3605394971992357,1.3017482190170042,4.170466805224073,64.28664645534657,2.1008775951808816,0.8239873545879679,2.2232394469460712,1.579895823150336,1
stress,100,20000,MH,5,20,5.7464627127794055,1.9717560917342786e-14,5.715400317249992,-0.031062395529413145,0.06319578794569153,0.25204900809616426,0.232645212080106,0.8615362467312437,0.9,0.036236606000020405,0.03570305000175722,0.0942029800004093,0.09893146966225053,0.05167056883627224,0.1585770577962991,,,,0.006533613187238744,0.0018150622374846232,
stress,120,1000,IID,5,20,18.608819861803717,5.96855898038484e-14,18.713134566199656,0.10431470439593937,0.25341322857848025,0.5116255015593996,0.513477596596187,1.0420685388349245,0.96,0.0002283499999612104,0.00021905000176047906,0.0,1.0,1.0,1.0,263.0809269356275,1.0,0.9632519982738513,1.0,1.0,
stress,120,1000,IS,5,20,18.608819861803717,5.96855898038484e-14,18.664245934459718,0.05542607265600097,0.07868678540894203,0.28455573634161885,0.29660559281633064,1.1187568537925843,0.94,0.0005288299998210277,0.0005141000001458451,0.028437700000358744,3.2205309603317733,1.9683227680002404,5.334826977840137,88.44837943329287,2.9744007591913113,0.8896351285699591,1.3906326133459186,0.025388206480454284,138
stress,120,1000,AV,5,20,18.608819861803717,5.96855898038484e-14,18.60353773716071,-0.0052821246430063695,0.1336837277799805,0.36383346649658954,0.3477317749211481,0.9053615254817361,0.93,0.00018677700005355292,0.00018215000454802066,0.0,1.8956176102117162,0.9947593881763765,3.7275581300061966,121.70570833787781,2.1616153467942985,1.098417893504629,2.3175459563768763,2.3175459563768763,0
stress,120,1000,CV,5,20,18.608819861803717,5.96855898038484e-14,18.599281474605537,-0.009538387198180232,0.06611457337262808,0.2560164222647528,0.267914907168275,1.1124404196304827,0.97,0.0002407609994406812,0.00023150000197347254,0.0009724999981699511,3.8329405402076633,2.1973441145764734,6.391822943337903,72.63955019484226,3.6217312225910154,0.9101732209972098,3.635356117648061,0.7214045237846121,2
stress,120,1000,MH,5,20,18.608819861803717,5.96855898038484e-14,18.622627286721325,0.013807424917608557,2.134958448055938,1.4538911611803111,1.2879259782281107,0.799954269047459,0.91,0.0033152419998077674,0.0032510999953956343,0.09494695999601391,0.11869703075918628,0.07280596612850739,0.1938637718213613,,,,0.008175712955744291,0.00027583818008076517,
stress,120,5000,IID,5,20,18.608819861803717,5.96855898038484e-14,18.61405481102901,0.005234949225293661,0.04565622591635605,0.21266656613248802,0.22949082906155113,1.1537513890428956,0.96,0.0006119000009493903,0.0005878000010852702,0.0,1.0,1.0,1.0,263.0809269356275,1.0,0.8677220817214077,1.0,1.0,
stress,120,5000,IS,5,20,18.608819861803717,5.96855898038484e-14,18.59999109278471,-0.008828769019007865,0.020479370848196232,0.1426622735768124,0.13286843315022714,0.8621737404885157,0.92,0.001556777998484904,0.001516500000434462,0.028437700000358744,2.2293763931901904,1.2541469949513842,4.07491554505991,88.44837943329287,2.9744007591913113,1.1577018696900843,0.8762684329026083,0.04548021863098324,
stress,120,5000,AV,5,20,18.608819861803717,5.96855898038484e-14,18.609040635573358,0.000220773769640914,0.020407203405536044,0.14213789119210277,0.1560751975291829,1.1938458227375879,0.96,0.0004115340005955659,0.0003919000009773299,0.0,2.237260295252924,1.3221103350799561,3.811254356430563,121.70570833787781,2.1616153467942985,0.8383831655981916,3.3265284880669164,3.3265284880669164,0
stress,120,5000,CV,5,20,18.608819861803717,5.96855898038484e-14,18.60504410996115,-0.0037757518425678427,0.01473426259424821,0.12083532707897288,0.11921464892409166,0.9705308321889128,0.94,0.0006413810001686215,0.000618199999735225,0.0009724999981699511,3.0986434254388,1.734464696254976,5.216169643648409,72.63955019484226,3.6217312225910154,1.0142038706686822,2.956214659413581,1.1748449339943547,1
stress,120,5000,MH,5,20,18.608819861803717,5.96855898038484e-14,18.582889682642996,-0.025930179160720712,0.435715785717962,0.657290652643174,0.6068496856863813,0.8541721367763941,0.93,0.010081170000776183,0.010018499997386243,0.09494695999601391,0.10478442005750335,0.06047400383655862,0.18862118227131605,,,,0.006360133469401963,0.0006104801326523399,
stress,120,20000,IID,5,20,18.608819861803717,5.96855898038484e-14,18.603265152169428,-0.005554709634289168,0.015752700183285145,0.12500411185466462,0.11473551557710054,0.8357255739422119,0.95,0.0023834560002433136,0.002380249999987427,0.0,1.0,1.0,1.0,263.0809269356275,1.0,1.1975554721334571,1.0,1.0,
stress,120,20000,IS,5,20,18.608819861803717,5.96855898038484e-14,18.605689171916925,-0.003130689886791771,0.004559213620532686,0.06725639526093118,0.066504248509577,0.9701157533790946,0.96,0.006089119000389474,0.006030100004863925,0.028437700000358744,3.4551353576287664,2.162560498738513,5.414137290413476,88.44837943329287,2.9744007591913113,1.0309320871099086,1.3524391786835455,0.23851496715103263,14
stress,120,20000,AV,5,20,18.608819861803717,5.96855898038484e-14,18.596591613579704,-0.012228248224012361,0.007077562239173593,0.08459501564164333,0.07791480851636139,0.8577828204698151,0.92,0.0014542869996512309,0.0014345999952638522,0.0,2.2257240065082775,1.075575361933337,4.225862171675966,121.70570833787781,2.1616153467942985,1.1630616732495336,3.647777391580874,3.647777391580874,0
stress,120,20000,CV,5,20,18.608819861803717,5.96855898038484e-14,18.61369197933344,0.00487211752972172,0.0034818217511516105,0.05891299570437345,0.06063338068231917,1.058034038104428,0.96,0.0025201330000709276,0.002500149996194523,0.0009724999981699511,4.524269566089921,2.772237048026041,7.1682948827575395,72.63955019484226,3.6217312225910154,0.9586572994497523,4.278900138886219,3.0874693818235324,1
stress,120,20000,MH,5,20,18.608819861803717,5.96855898038484e-14,18.589279512698354,-0.01954034910536251,0.10053448229084112,0.3160869543513179,0.3082648445574377,0.9503320178474336,0.93,0.035833821000996975,0.03533065000374336,0.09494695999601391,0.15668952407506698,0.08193873843096544,0.2672103007856575,,,,0.010422069874200605,0.0028556381410547124,
